{
    "0": {
        "logic_type": "aggregation",
        "template": {
            "func": "COMPARE",
            "args": [
                {
                    "func": "AGGREGATION",
                    "args": [
                        {
                            "func": "FILTER",
                            "args": [
                                "All_rows",
                                "COL",
                                "OBJ"
                            ]
                        },
                        "COL"
                    ]
                },
                "OBJ"
            ]
        },
        "count": 257,
        "ratio(%)": 0.02390030689110016
    },
    "1": {
        "logic_type": "aggregation",
        "template": {
            "func": "COMPARE",
            "args": [
                {
                    "func": "AGGREGATION",
                    "args": [
                        "All_rows",
                        "COL"
                    ]
                },
                "OBJ"
            ]
        },
        "count": 1145,
        "ratio(%)": 0.10648191202455129
    },
    "2": {
        "logic_type": "comparative",
        "template": {
            "func": "And",
            "args": [
                {
                    "func": "COMPARE",
                    "args": [
                        {
                            "func": "Hop",
                            "args": [
                                {
                                    "func": "FILTER",
                                    "args": [
                                        "All_rows",
                                        "COL",
                                        "OBJ"
                                    ]
                                },
                                "COL"
                            ]
                        },
                        {
                            "func": "Hop",
                            "args": [
                                {
                                    "func": "FILTER",
                                    "args": [
                                        "All_rows",
                                        "COL",
                                        "OBJ"
                                    ]
                                },
                                "COL"
                            ]
                        }
                    ]
                },
                {
                    "func": "And",
                    "args": [
                        {
                            "func": "COMPARE",
                            "args": [
                                {
                                    "func": "Hop",
                                    "args": [
                                        {
                                            "func": "FILTER",
                                            "args": [
                                                "All_rows",
                                                "COL",
                                                "OBJ"
                                            ]
                                        },
                                        "COL"
                                    ]
                                },
                                "OBJ"
                            ]
                        },
                        {
                            "func": "COMPARE",
                            "args": [
                                {
                                    "func": "Hop",
                                    "args": [
                                        {
                                            "func": "FILTER",
                                            "args": [
                                                "All_rows",
                                                "COL",
                                                "OBJ"
                                            ]
                                        },
                                        "COL"
                                    ]
                                },
                                "OBJ"
                            ]
                        }
                    ]
                }
            ]
        },
        "count": 101,
        "ratio(%)": 0.009392727610899284
    },
    "3": {
        "logic_type": "comparative",
        "template": {
            "func": "COMPARE",
            "args": [
                {
                    "func": "Hop",
                    "args": [
                        {
                            "func": "FILTER",
                            "args": [
                                "All_rows",
                                "COL",
                                "OBJ"
                            ]
                        },
                        "COL"
                    ]
                },
                {
                    "func": "Hop",
                    "args": [
                        {
                            "func": "FILTER",
                            "args": [
                                "All_rows",
                                "COL",
                                "OBJ"
                            ]
                        },
                        "COL"
                    ]
                }
            ]
        },
        "count": 1029,
        "ratio(%)": 0.09569422486747885
    },
    "4": {
        "logic_type": "comparative",
        "template": {
            "func": "And",
            "args": [
                {
                    "func": "COMPARE",
                    "args": [
                        {
                            "func": "Diff",
                            "args": [
                                {
                                    "func": "Hop",
                                    "args": [
                                        {
                                            "func": "FILTER",
                                            "args": [
                                                "All_rows",
                                                "COL",
                                                "OBJ"
                                            ]
                                        },
                                        "COL"
                                    ]
                                },
                                {
                                    "func": "Hop",
                                    "args": [
                                        {
                                            "func": "FILTER",
                                            "args": [
                                                "All_rows",
                                                "COL",
                                                "OBJ"
                                            ]
                                        },
                                        "COL"
                                    ]
                                }
                            ]
                        },
                        "OBJ"
                    ]
                },
                {
                    "func": "And",
                    "args": [
                        {
                            "func": "COMPARE",
                            "args": [
                                {
                                    "func": "Hop",
                                    "args": [
                                        {
                                            "func": "FILTER",
                                            "args": [
                                                "All_rows",
                                                "COL",
                                                "OBJ"
                                            ]
                                        },
                                        "COL"
                                    ]
                                },
                                "OBJ"
                            ]
                        },
                        {
                            "func": "COMPARE",
                            "args": [
                                {
                                    "func": "Hop",
                                    "args": [
                                        {
                                            "func": "FILTER",
                                            "args": [
                                                "All_rows",
                                                "COL",
                                                "OBJ"
                                            ]
                                        },
                                        "COL"
                                    ]
                                },
                                "OBJ"
                            ]
                        }
                    ]
                }
            ]
        },
        "count": 16,
        "ratio(%)": 0.0014879568492513716
    },
    "5": {
        "logic_type": "comparative",
        "template": {
            "func": "COMPARE",
            "args": [
                {
                    "func": "Diff",
                    "args": [
                        {
                            "func": "Hop",
                            "args": [
                                {
                                    "func": "FILTER",
                                    "args": [
                                        "All_rows",
                                        "COL",
                                        "OBJ"
                                    ]
                                },
                                "COL"
                            ]
                        },
                        {
                            "func": "Hop",
                            "args": [
                                {
                                    "func": "FILTER",
                                    "args": [
                                        "All_rows",
                                        "COL",
                                        "OBJ"
                                    ]
                                },
                                "COL"
                            ]
                        }
                    ]
                },
                "OBJ"
            ]
        },
        "count": 139,
        "ratio(%)": 0.012926625127871292
    },
    "6": {
        "logic_type": "count",
        "template": {
            "func": "COMPARE",
            "args": [
                {
                    "func": "Count",
                    "args": [
                        {
                            "func": "FILTER",
                            "args": [
                                "All_rows",
                                "COL",
                                "OBJ"
                            ]
                        }
                    ]
                },
                "OBJ"
            ]
        },
        "count": 1521,
        "ratio(%)": 0.14144889798195853
    },
    "7": {
        "logic_type": "count",
        "template": {
            "func": "COMPARE",
            "args": [
                {
                    "func": "Count",
                    "args": [
                        {
                            "func": "Filter_all",
                            "args": [
                                "All_rows",
                                "COL"
                            ]
                        }
                    ]
                },
                "OBJ"
            ]
        },
        "count": 153,
        "ratio(%)": 0.014228587370966241
    },
    "8": {
        "logic_type": "count",
        "template": {
            "func": "COMPARE",
            "args": [
                {
                    "func": "Count",
                    "args": [
                        {
                            "func": "FILTER",
                            "args": [
                                {
                                    "func": "FILTER",
                                    "args": [
                                        "All_rows",
                                        "COL",
                                        "OBJ"
                                    ]
                                },
                                "COL",
                                "OBJ"
                            ]
                        }
                    ]
                },
                "OBJ"
            ]
        },
        "count": 342,
        "ratio(%)": 0.03180507765274807
    },
    "9": {
        "logic_type": "count",
        "template": {
            "func": "COMPARE",
            "args": [
                {
                    "func": "Count",
                    "args": [
                        {
                            "func": "Filter_all",
                            "args": [
                                {
                                    "func": "FILTER",
                                    "args": [
                                        "All_rows",
                                        "COL",
                                        "OBJ"
                                    ]
                                },
                                "COL"
                            ]
                        }
                    ]
                },
                "OBJ"
            ]
        },
        "count": 1,
        "ratio(%)": 9.299730307821073e-05
    },
    "10": {
        "logic_type": "majority",
        "template": {
            "func": "MAJORITY",
            "args": [
                "All_rows",
                "COL",
                "OBJ"
            ]
        },
        "count": 1658,
        "ratio(%)": 0.1541895285036734
    },
    "11": {
        "logic_type": "majority",
        "template": {
            "func": "MAJORITY",
            "args": [
                {
                    "func": "FILTER",
                    "args": [
                        "All_rows",
                        "COL",
                        "OBJ"
                    ]
                },
                "COL",
                "OBJ"
            ]
        },
        "count": 192,
        "ratio(%)": 0.017855482191016462
    },
    "12": {
        "logic_type": "ordinal",
        "template": {
            "func": "And",
            "args": [
                {
                    "func": "COMPARE",
                    "args": [
                        {
                            "func": "ORDINAL",
                            "args": [
                                "All_rows",
                                "COL",
                                "NUM"
                            ]
                        },
                        "OBJ"
                    ]
                },
                {
                    "func": "And",
                    "args": [
                        {
                            "func": "COMPARE",
                            "args": [
                                {
                                    "func": "Hop",
                                    "args": [
                                        {
                                            "func": "ORD_ARG",
                                            "args": [
                                                "All_rows",
                                                "COL",
                                                "NUM"
                                            ]
                                        },
                                        "COL"
                                    ]
                                },
                                "OBJ"
                            ]
                        },
                        {
                            "func": "And",
                            "args": [
                                {
                                    "func": "COMPARE",
                                    "args": [
                                        {
                                            "func": "Hop",
                                            "args": [
                                                {
                                                    "func": "ORD_ARG",
                                                    "args": [
                                                        "All_rows",
                                                        "COL",
                                                        "NUM"
                                                    ]
                                                },
                                                "COL"
                                            ]
                                        },
                                        "OBJ"
                                    ]
                                },
                                {
                                    "func": "And",
                                    "args": [
                                        {
                                            "func": "COMPARE",
                                            "args": [
                                                {
                                                    "func": "Hop",
                                                    "args": [
                                                        {
                                                            "func": "ORD_ARG",
                                                            "args": [
                                                                "All_rows",
                                                                "COL",
                                                                "NUM"
                                                            ]
                                                        },
                                                        "COL"
                                                    ]
                                                },
                                                "OBJ"
                                            ]
                                        },
                                        {
                                            "func": "COMPARE",
                                            "args": [
                                                {
                                                    "func": "Hop",
                                                    "args": [
                                                        {
                                                            "func": "ORD_ARG",
                                                            "args": [
                                                                "All_rows",
                                                                "COL",
                                                                "NUM"
                                                            ]
                                                        },
                                                        "COL"
                                                    ]
                                                },
                                                "OBJ"
                                            ]
                                        }
                                    ]
                                }
                            ]
                        }
                    ]
                }
            ]
        },
        "count": 1,
        "ratio(%)": 9.299730307821073e-05
    },
    "13": {
        "logic_type": "ordinal",
        "template": {
            "func": "And",
            "args": [
                {
                    "func": "COMPARE",
                    "args": [
                        {
                            "func": "Hop",
                            "args": [
                                {
                                    "func": "ORD_ARG",
                                    "args": [
                                        {
                                            "func": "FILTER",
                                            "args": [
                                                "All_rows",
                                                "COL",
                                                "OBJ"
                                            ]
                                        },
                                        "COL",
                                        "NUM"
                                    ]
                                },
                                "COL"
                            ]
                        },
                        "OBJ"
                    ]
                },
                {
                    "func": "COMPARE",
                    "args": [
                        {
                            "func": "Hop",
                            "args": [
                                {
                                    "func": "ORD_ARG",
                                    "args": [
                                        {
                                            "func": "FILTER",
                                            "args": [
                                                "All_rows",
                                                "COL",
                                                "OBJ"
                                            ]
                                        },
                                        "COL",
                                        "NUM"
                                    ]
                                },
                                "COL"
                            ]
                        },
                        "OBJ"
                    ]
                }
            ]
        },
        "count": 2,
        "ratio(%)": 0.00018599460615642145
    },
    "14": {
        "logic_type": "ordinal",
        "template": {
            "func": "COMPARE",
            "args": [
                {
                    "func": "Hop",
                    "args": [
                        {
                            "func": "ORD_ARG",
                            "args": [
                                {
                                    "func": "FILTER",
                                    "args": [
                                        "All_rows",
                                        "COL",
                                        "OBJ"
                                    ]
                                },
                                "COL",
                                "NUM"
                            ]
                        },
                        "COL"
                    ]
                },
                "OBJ"
            ]
        },
        "count": 106,
        "ratio(%)": 0.009857714126290338
    },
    "15": {
        "logic_type": "ordinal",
        "template": {
            "func": "COMPARE",
            "args": [
                {
                    "func": "ORDINAL",
                    "args": [
                        "All_rows",
                        "COL",
                        "NUM"
                    ]
                },
                "OBJ"
            ]
        },
        "count": 30,
        "ratio(%)": 0.002789919092346322
    },
    "16": {
        "logic_type": "ordinal",
        "template": {
            "func": "And",
            "args": [
                {
                    "func": "COMPARE",
                    "args": [
                        {
                            "func": "Hop",
                            "args": [
                                {
                                    "func": "ORD_ARG",
                                    "args": [
                                        "All_rows",
                                        "COL",
                                        "NUM"
                                    ]
                                },
                                "COL"
                            ]
                        },
                        "OBJ"
                    ]
                },
                {
                    "func": "And",
                    "args": [
                        {
                            "func": "COMPARE",
                            "args": [
                                {
                                    "func": "Hop",
                                    "args": [
                                        {
                                            "func": "ORD_ARG",
                                            "args": [
                                                "All_rows",
                                                "COL",
                                                "NUM"
                                            ]
                                        },
                                        "COL"
                                    ]
                                },
                                "OBJ"
                            ]
                        },
                        {
                            "func": "And",
                            "args": [
                                {
                                    "func": "COMPARE",
                                    "args": [
                                        {
                                            "func": "Hop",
                                            "args": [
                                                {
                                                    "func": "ORD_ARG",
                                                    "args": [
                                                        "All_rows",
                                                        "COL",
                                                        "NUM"
                                                    ]
                                                },
                                                "COL"
                                            ]
                                        },
                                        "OBJ"
                                    ]
                                },
                                {
                                    "func": "COMPARE",
                                    "args": [
                                        {
                                            "func": "Hop",
                                            "args": [
                                                {
                                                    "func": "ORD_ARG",
                                                    "args": [
                                                        "All_rows",
                                                        "COL",
                                                        "NUM"
                                                    ]
                                                },
                                                "COL"
                                            ]
                                        },
                                        "OBJ"
                                    ]
                                }
                            ]
                        }
                    ]
                }
            ]
        },
        "count": 1,
        "ratio(%)": 9.299730307821073e-05
    },
    "17": {
        "logic_type": "ordinal",
        "template": {
            "func": "And",
            "args": [
                {
                    "func": "COMPARE",
                    "args": [
                        {
                            "func": "ORDINAL",
                            "args": [
                                {
                                    "func": "FILTER",
                                    "args": [
                                        "All_rows",
                                        "COL",
                                        "OBJ"
                                    ]
                                },
                                "COL",
                                "NUM"
                            ]
                        },
                        "OBJ"
                    ]
                },
                {
                    "func": "COMPARE",
                    "args": [
                        {
                            "func": "Hop",
                            "args": [
                                {
                                    "func": "ORD_ARG",
                                    "args": [
                                        {
                                            "func": "FILTER",
                                            "args": [
                                                "All_rows",
                                                "COL",
                                                "OBJ"
                                            ]
                                        },
                                        "COL",
                                        "NUM"
                                    ]
                                },
                                "COL"
                            ]
                        },
                        "OBJ"
                    ]
                }
            ]
        },
        "count": 9,
        "ratio(%)": 0.0008369757277038966
    },
    "18": {
        "logic_type": "ordinal",
        "template": {
            "func": "COMPARE",
            "args": [
                {
                    "func": "ORDINAL",
                    "args": [
                        {
                            "func": "FILTER",
                            "args": [
                                "All_rows",
                                "COL",
                                "OBJ"
                            ]
                        },
                        "COL",
                        "NUM"
                    ]
                },
                "OBJ"
            ]
        },
        "count": 14,
        "ratio(%)": 0.0013019622430949502
    },
    "19": {
        "logic_type": "ordinal",
        "template": {
            "func": "And",
            "args": [
                {
                    "func": "COMPARE",
                    "args": [
                        {
                            "func": "ORDINAL",
                            "args": [
                                "All_rows",
                                "COL",
                                "NUM"
                            ]
                        },
                        "OBJ"
                    ]
                },
                {
                    "func": "COMPARE",
                    "args": [
                        {
                            "func": "Hop",
                            "args": [
                                {
                                    "func": "ORD_ARG",
                                    "args": [
                                        "All_rows",
                                        "COL",
                                        "NUM"
                                    ]
                                },
                                "COL"
                            ]
                        },
                        "OBJ"
                    ]
                }
            ]
        },
        "count": 60,
        "ratio(%)": 0.005579838184692644
    },
    "20": {
        "logic_type": "ordinal",
        "template": {
            "func": "And",
            "args": [
                {
                    "func": "COMPARE",
                    "args": [
                        {
                            "func": "Hop",
                            "args": [
                                {
                                    "func": "ORD_ARG",
                                    "args": [
                                        "All_rows",
                                        "COL",
                                        "NUM"
                                    ]
                                },
                                "COL"
                            ]
                        },
                        "OBJ"
                    ]
                },
                {
                    "func": "And",
                    "args": [
                        {
                            "func": "COMPARE",
                            "args": [
                                {
                                    "func": "Hop",
                                    "args": [
                                        {
                                            "func": "ORD_ARG",
                                            "args": [
                                                "All_rows",
                                                "COL",
                                                "NUM"
                                            ]
                                        },
                                        "COL"
                                    ]
                                },
                                "OBJ"
                            ]
                        },
                        {
                            "func": "COMPARE",
                            "args": [
                                {
                                    "func": "Hop",
                                    "args": [
                                        {
                                            "func": "ORD_ARG",
                                            "args": [
                                                "All_rows",
                                                "COL",
                                                "NUM"
                                            ]
                                        },
                                        "COL"
                                    ]
                                },
                                "OBJ"
                            ]
                        }
                    ]
                }
            ]
        },
        "count": 1,
        "ratio(%)": 9.299730307821073e-05
    },
    "21": {
        "logic_type": "ordinal",
        "template": {
            "func": "And",
            "args": [
                {
                    "func": "COMPARE",
                    "args": [
                        {
                            "func": "ORDINAL",
                            "args": [
                                "All_rows",
                                "COL",
                                "NUM"
                            ]
                        },
                        "OBJ"
                    ]
                },
                {
                    "func": "And",
                    "args": [
                        {
                            "func": "COMPARE",
                            "args": [
                                {
                                    "func": "Hop",
                                    "args": [
                                        {
                                            "func": "ORD_ARG",
                                            "args": [
                                                "All_rows",
                                                "COL",
                                                "NUM"
                                            ]
                                        },
                                        "COL"
                                    ]
                                },
                                "OBJ"
                            ]
                        },
                        {
                            "func": "COMPARE",
                            "args": [
                                {
                                    "func": "Hop",
                                    "args": [
                                        {
                                            "func": "ORD_ARG",
                                            "args": [
                                                "All_rows",
                                                "COL",
                                                "NUM"
                                            ]
                                        },
                                        "COL"
                                    ]
                                },
                                "OBJ"
                            ]
                        }
                    ]
                }
            ]
        },
        "count": 10,
        "ratio(%)": 0.0009299730307821073
    },
    "22": {
        "logic_type": "ordinal",
        "template": {
            "func": "And",
            "args": [
                {
                    "func": "COMPARE",
                    "args": [
                        {
                            "func": "ORDINAL",
                            "args": [
                                "All_rows",
                                "COL",
                                "NUM"
                            ]
                        },
                        "OBJ"
                    ]
                },
                {
                    "func": "And",
                    "args": [
                        {
                            "func": "COMPARE",
                            "args": [
                                {
                                    "func": "Hop",
                                    "args": [
                                        {
                                            "func": "ORD_ARG",
                                            "args": [
                                                "All_rows",
                                                "COL",
                                                "NUM"
                                            ]
                                        },
                                        "COL"
                                    ]
                                },
                                "OBJ"
                            ]
                        },
                        {
                            "func": "And",
                            "args": [
                                {
                                    "func": "COMPARE",
                                    "args": [
                                        {
                                            "func": "Hop",
                                            "args": [
                                                {
                                                    "func": "ORD_ARG",
                                                    "args": [
                                                        "All_rows",
                                                        "COL",
                                                        "NUM"
                                                    ]
                                                },
                                                "COL"
                                            ]
                                        },
                                        "OBJ"
                                    ]
                                },
                                {
                                    "func": "COMPARE",
                                    "args": [
                                        {
                                            "func": "Hop",
                                            "args": [
                                                {
                                                    "func": "ORD_ARG",
                                                    "args": [
                                                        "All_rows",
                                                        "COL",
                                                        "NUM"
                                                    ]
                                                },
                                                "COL"
                                            ]
                                        },
                                        "OBJ"
                                    ]
                                }
                            ]
                        }
                    ]
                }
            ]
        },
        "count": 5,
        "ratio(%)": 0.00046498651539105364
    },
    "23": {
        "logic_type": "ordinal",
        "template": {
            "func": "COMPARE",
            "args": [
                {
                    "func": "Hop",
                    "args": [
                        {
                            "func": "ORD_ARG",
                            "args": [
                                "All_rows",
                                "COL",
                                "NUM"
                            ]
                        },
                        "COL"
                    ]
                },
                "OBJ"
            ]
        },
        "count": 975,
        "ratio(%)": 0.09067237050125547
    },
    "24": {
        "logic_type": "ordinal",
        "template": {
            "func": "And",
            "args": [
                {
                    "func": "COMPARE",
                    "args": [
                        {
                            "func": "Hop",
                            "args": [
                                {
                                    "func": "ORD_ARG",
                                    "args": [
                                        "All_rows",
                                        "COL",
                                        "NUM"
                                    ]
                                },
                                "COL"
                            ]
                        },
                        "OBJ"
                    ]
                },
                {
                    "func": "COMPARE",
                    "args": [
                        {
                            "func": "Hop",
                            "args": [
                                {
                                    "func": "ORD_ARG",
                                    "args": [
                                        "All_rows",
                                        "COL",
                                        "NUM"
                                    ]
                                },
                                "COL"
                            ]
                        },
                        "OBJ"
                    ]
                }
            ]
        },
        "count": 8,
        "ratio(%)": 0.0007439784246256858
    },
    "25": {
        "logic_type": "superlative",
        "template": {
            "func": "And",
            "args": [
                {
                    "func": "COMPARE",
                    "args": [
                        {
                            "func": "Hop",
                            "args": [
                                {
                                    "func": "SUPER_ARG",
                                    "args": [
                                        "All_rows",
                                        "COL"
                                    ]
                                },
                                "COL"
                            ]
                        },
                        "OBJ"
                    ]
                },
                {
                    "func": "COMPARE",
                    "args": [
                        {
                            "func": "Hop",
                            "args": [
                                {
                                    "func": "SUPER_ARG",
                                    "args": [
                                        "All_rows",
                                        "COL"
                                    ]
                                },
                                "COL"
                            ]
                        },
                        "OBJ"
                    ]
                }
            ]
        },
        "count": 23,
        "ratio(%)": 0.0021389379707988467
    },
    "26": {
        "logic_type": "superlative",
        "template": {
            "func": "COMPARE",
            "args": [
                {
                    "func": "Hop",
                    "args": [
                        {
                            "func": "SUPER_ARG",
                            "args": [
                                "All_rows",
                                "COL"
                            ]
                        },
                        "COL"
                    ]
                },
                "OBJ"
            ]
        },
        "count": 1096,
        "ratio(%)": 0.10192504417371896
    },
    "27": {
        "logic_type": "superlative",
        "template": {
            "func": "COMPARE",
            "args": [
                {
                    "func": "SUPERLATIVE",
                    "args": [
                        "All_rows",
                        "COL"
                    ]
                },
                "OBJ"
            ]
        },
        "count": 38,
        "ratio(%)": 0.003533897516972008
    },
    "28": {
        "logic_type": "superlative",
        "template": {
            "func": "And",
            "args": [
                {
                    "func": "COMPARE",
                    "args": [
                        {
                            "func": "SUPERLATIVE",
                            "args": [
                                {
                                    "func": "FILTER",
                                    "args": [
                                        "All_rows",
                                        "COL",
                                        "OBJ"
                                    ]
                                },
                                "COL"
                            ]
                        },
                        "OBJ"
                    ]
                },
                {
                    "func": "COMPARE",
                    "args": [
                        {
                            "func": "Hop",
                            "args": [
                                {
                                    "func": "SUPER_ARG",
                                    "args": [
                                        {
                                            "func": "FILTER",
                                            "args": [
                                                "All_rows",
                                                "COL",
                                                "OBJ"
                                            ]
                                        },
                                        "COL"
                                    ]
                                },
                                "COL"
                            ]
                        },
                        "OBJ"
                    ]
                }
            ]
        },
        "count": 9,
        "ratio(%)": 0.0008369757277038966
    },
    "29": {
        "logic_type": "superlative",
        "template": {
            "func": "And",
            "args": [
                {
                    "func": "COMPARE",
                    "args": [
                        {
                            "func": "SUPERLATIVE",
                            "args": [
                                "All_rows",
                                "COL"
                            ]
                        },
                        "OBJ"
                    ]
                },
                {
                    "func": "And",
                    "args": [
                        {
                            "func": "COMPARE",
                            "args": [
                                {
                                    "func": "Hop",
                                    "args": [
                                        {
                                            "func": "SUPER_ARG",
                                            "args": [
                                                "All_rows",
                                                "COL"
                                            ]
                                        },
                                        "COL"
                                    ]
                                },
                                "OBJ"
                            ]
                        },
                        {
                            "func": "COMPARE",
                            "args": [
                                {
                                    "func": "Hop",
                                    "args": [
                                        {
                                            "func": "SUPER_ARG",
                                            "args": [
                                                "All_rows",
                                                "COL"
                                            ]
                                        },
                                        "COL"
                                    ]
                                },
                                "OBJ"
                            ]
                        }
                    ]
                }
            ]
        },
        "count": 4,
        "ratio(%)": 0.0003719892123128429
    },
    "30": {
        "logic_type": "superlative",
        "template": {
            "func": "And",
            "args": [
                {
                    "func": "COMPARE",
                    "args": [
                        {
                            "func": "Hop",
                            "args": [
                                {
                                    "func": "SUPER_ARG",
                                    "args": [
                                        "All_rows",
                                        "COL"
                                    ]
                                },
                                "COL"
                            ]
                        },
                        "OBJ"
                    ]
                },
                {
                    "func": "And",
                    "args": [
                        {
                            "func": "COMPARE",
                            "args": [
                                {
                                    "func": "Hop",
                                    "args": [
                                        {
                                            "func": "SUPER_ARG",
                                            "args": [
                                                "All_rows",
                                                "COL"
                                            ]
                                        },
                                        "COL"
                                    ]
                                },
                                "OBJ"
                            ]
                        },
                        {
                            "func": "COMPARE",
                            "args": [
                                {
                                    "func": "Hop",
                                    "args": [
                                        {
                                            "func": "SUPER_ARG",
                                            "args": [
                                                "All_rows",
                                                "COL"
                                            ]
                                        },
                                        "COL"
                                    ]
                                },
                                "OBJ"
                            ]
                        }
                    ]
                }
            ]
        },
        "count": 2,
        "ratio(%)": 0.00018599460615642145
    },
    "31": {
        "logic_type": "superlative",
        "template": {
            "func": "COMPARE",
            "args": [
                {
                    "func": "SUPERLATIVE",
                    "args": [
                        {
                            "func": "FILTER",
                            "args": [
                                "All_rows",
                                "COL",
                                "OBJ"
                            ]
                        },
                        "COL"
                    ]
                },
                "OBJ"
            ]
        },
        "count": 67,
        "ratio(%)": 0.006230819306240119
    },
    "32": {
        "logic_type": "superlative",
        "template": {
            "func": "And",
            "args": [
                {
                    "func": "COMPARE",
                    "args": [
                        {
                            "func": "Hop",
                            "args": [
                                {
                                    "func": "SUPER_ARG",
                                    "args": [
                                        "All_rows",
                                        "COL"
                                    ]
                                },
                                "COL"
                            ]
                        },
                        "OBJ"
                    ]
                },
                {
                    "func": "And",
                    "args": [
                        {
                            "func": "COMPARE",
                            "args": [
                                {
                                    "func": "Hop",
                                    "args": [
                                        {
                                            "func": "SUPER_ARG",
                                            "args": [
                                                "All_rows",
                                                "COL"
                                            ]
                                        },
                                        "COL"
                                    ]
                                },
                                "OBJ"
                            ]
                        },
                        {
                            "func": "And",
                            "args": [
                                {
                                    "func": "COMPARE",
                                    "args": [
                                        {
                                            "func": "Hop",
                                            "args": [
                                                {
                                                    "func": "SUPER_ARG",
                                                    "args": [
                                                        "All_rows",
                                                        "COL"
                                                    ]
                                                },
                                                "COL"
                                            ]
                                        },
                                        "OBJ"
                                    ]
                                },
                                {
                                    "func": "COMPARE",
                                    "args": [
                                        {
                                            "func": "Hop",
                                            "args": [
                                                {
                                                    "func": "SUPER_ARG",
                                                    "args": [
                                                        "All_rows",
                                                        "COL"
                                                    ]
                                                },
                                                "COL"
                                            ]
                                        },
                                        "OBJ"
                                    ]
                                }
                            ]
                        }
                    ]
                }
            ]
        },
        "count": 1,
        "ratio(%)": 9.299730307821073e-05
    },
    "33": {
        "logic_type": "superlative",
        "template": {
            "func": "And",
            "args": [
                {
                    "func": "COMPARE",
                    "args": [
                        {
                            "func": "SUPERLATIVE",
                            "args": [
                                {
                                    "func": "FILTER",
                                    "args": [
                                        "All_rows",
                                        "COL",
                                        "OBJ"
                                    ]
                                },
                                "COL"
                            ]
                        },
                        "OBJ"
                    ]
                },
                {
                    "func": "And",
                    "args": [
                        {
                            "func": "COMPARE",
                            "args": [
                                {
                                    "func": "Hop",
                                    "args": [
                                        {
                                            "func": "SUPER_ARG",
                                            "args": [
                                                {
                                                    "func": "FILTER",
                                                    "args": [
                                                        "All_rows",
                                                        "COL",
                                                        "OBJ"
                                                    ]
                                                },
                                                "COL"
                                            ]
                                        },
                                        "COL"
                                    ]
                                },
                                "OBJ"
                            ]
                        },
                        {
                            "func": "COMPARE",
                            "args": [
                                {
                                    "func": "Hop",
                                    "args": [
                                        {
                                            "func": "SUPER_ARG",
                                            "args": [
                                                {
                                                    "func": "FILTER",
                                                    "args": [
                                                        "All_rows",
                                                        "COL",
                                                        "OBJ"
                                                    ]
                                                },
                                                "COL"
                                            ]
                                        },
                                        "COL"
                                    ]
                                },
                                "OBJ"
                            ]
                        }
                    ]
                }
            ]
        },
        "count": 2,
        "ratio(%)": 0.00018599460615642145
    },
    "34": {
        "logic_type": "superlative",
        "template": {
            "func": "And",
            "args": [
                {
                    "func": "COMPARE",
                    "args": [
                        {
                            "func": "SUPERLATIVE",
                            "args": [
                                "All_rows",
                                "COL"
                            ]
                        },
                        "OBJ"
                    ]
                },
                {
                    "func": "And",
                    "args": [
                        {
                            "func": "COMPARE",
                            "args": [
                                {
                                    "func": "Hop",
                                    "args": [
                                        {
                                            "func": "SUPER_ARG",
                                            "args": [
                                                "All_rows",
                                                "COL"
                                            ]
                                        },
                                        "COL"
                                    ]
                                },
                                "OBJ"
                            ]
                        },
                        {
                            "func": "And",
                            "args": [
                                {
                                    "func": "COMPARE",
                                    "args": [
                                        {
                                            "func": "Hop",
                                            "args": [
                                                {
                                                    "func": "SUPER_ARG",
                                                    "args": [
                                                        "All_rows",
                                                        "COL"
                                                    ]
                                                },
                                                "COL"
                                            ]
                                        },
                                        "OBJ"
                                    ]
                                },
                                {
                                    "func": "COMPARE",
                                    "args": [
                                        {
                                            "func": "Hop",
                                            "args": [
                                                {
                                                    "func": "SUPER_ARG",
                                                    "args": [
                                                        "All_rows",
                                                        "COL"
                                                    ]
                                                },
                                                "COL"
                                            ]
                                        },
                                        "OBJ"
                                    ]
                                }
                            ]
                        }
                    ]
                }
            ]
        },
        "count": 1,
        "ratio(%)": 9.299730307821073e-05
    },
    "35": {
        "logic_type": "superlative",
        "template": {
            "func": "COMPARE",
            "args": [
                {
                    "func": "Hop",
                    "args": [
                        {
                            "func": "SUPER_ARG",
                            "args": [
                                {
                                    "func": "FILTER",
                                    "args": [
                                        "All_rows",
                                        "COL",
                                        "OBJ"
                                    ]
                                },
                                "COL"
                            ]
                        },
                        "COL"
                    ]
                },
                "OBJ"
            ]
        },
        "count": 73,
        "ratio(%)": 0.006788803124709384
    },
    "36": {
        "logic_type": "superlative",
        "template": {
            "func": "And",
            "args": [
                {
                    "func": "COMPARE",
                    "args": [
                        {
                            "func": "Hop",
                            "args": [
                                {
                                    "func": "SUPER_ARG",
                                    "args": [
                                        {
                                            "func": "FILTER",
                                            "args": [
                                                "All_rows",
                                                "COL",
                                                "OBJ"
                                            ]
                                        },
                                        "COL"
                                    ]
                                },
                                "COL"
                            ]
                        },
                        "OBJ"
                    ]
                },
                {
                    "func": "COMPARE",
                    "args": [
                        {
                            "func": "Hop",
                            "args": [
                                {
                                    "func": "SUPER_ARG",
                                    "args": [
                                        {
                                            "func": "FILTER",
                                            "args": [
                                                "All_rows",
                                                "COL",
                                                "OBJ"
                                            ]
                                        },
                                        "COL"
                                    ]
                                },
                                "COL"
                            ]
                        },
                        "OBJ"
                    ]
                }
            ]
        },
        "count": 3,
        "ratio(%)": 0.0002789919092346322
    },
    "37": {
        "logic_type": "superlative",
        "template": {
            "func": "And",
            "args": [
                {
                    "func": "COMPARE",
                    "args": [
                        {
                            "func": "SUPERLATIVE",
                            "args": [
                                "All_rows",
                                "COL"
                            ]
                        },
                        "OBJ"
                    ]
                },
                {
                    "func": "COMPARE",
                    "args": [
                        {
                            "func": "Hop",
                            "args": [
                                {
                                    "func": "SUPER_ARG",
                                    "args": [
                                        "All_rows",
                                        "COL"
                                    ]
                                },
                                "COL"
                            ]
                        },
                        "OBJ"
                    ]
                }
            ]
        },
        "count": 67,
        "ratio(%)": 0.006230819306240119
    },
    "38": {
        "logic_type": "unique",
        "template": {
            "func": "And",
            "args": [
                {
                    "func": "Only",
                    "args": [
                        {
                            "func": "FILTER",
                            "args": [
                                {
                                    "func": "FILTER",
                                    "args": [
                                        "All_rows",
                                        "COL",
                                        "OBJ"
                                    ]
                                },
                                "COL",
                                "OBJ"
                            ]
                        }
                    ]
                },
                {
                    "func": "COMPARE",
                    "args": [
                        {
                            "func": "Hop",
                            "args": [
                                {
                                    "func": "FILTER",
                                    "args": [
                                        {
                                            "func": "FILTER",
                                            "args": [
                                                "All_rows",
                                                "COL",
                                                "OBJ"
                                            ]
                                        },
                                        "COL",
                                        "OBJ"
                                    ]
                                },
                                "COL"
                            ]
                        },
                        "OBJ"
                    ]
                }
            ]
        },
        "count": 144,
        "ratio(%)": 0.013391611643262346
    },
    "39": {
        "logic_type": "unique",
        "template": {
            "func": "Only",
            "args": [
                {
                    "func": "FILTER",
                    "args": [
                        "All_rows",
                        "COL",
                        "OBJ"
                    ]
                }
            ]
        },
        "count": 123,
        "ratio(%)": 0.01143866827861992
    },
    "40": {
        "logic_type": "unique",
        "template": {
            "func": "And",
            "args": [
                {
                    "func": "Only",
                    "args": [
                        {
                            "func": "FILTER",
                            "args": [
                                "All_rows",
                                "COL",
                                "OBJ"
                            ]
                        }
                    ]
                },
                {
                    "func": "And",
                    "args": [
                        {
                            "func": "COMPARE",
                            "args": [
                                {
                                    "func": "Hop",
                                    "args": [
                                        {
                                            "func": "FILTER",
                                            "args": [
                                                "All_rows",
                                                "COL",
                                                "OBJ"
                                            ]
                                        },
                                        "COL"
                                    ]
                                },
                                "OBJ"
                            ]
                        },
                        {
                            "func": "And",
                            "args": [
                                {
                                    "func": "COMPARE",
                                    "args": [
                                        {
                                            "func": "Hop",
                                            "args": [
                                                {
                                                    "func": "FILTER",
                                                    "args": [
                                                        "All_rows",
                                                        "COL",
                                                        "OBJ"
                                                    ]
                                                },
                                                "COL"
                                            ]
                                        },
                                        "OBJ"
                                    ]
                                },
                                {
                                    "func": "COMPARE",
                                    "args": [
                                        {
                                            "func": "Hop",
                                            "args": [
                                                {
                                                    "func": "FILTER",
                                                    "args": [
                                                        "All_rows",
                                                        "COL",
                                                        "OBJ"
                                                    ]
                                                },
                                                "COL"
                                            ]
                                        },
                                        "OBJ"
                                    ]
                                }
                            ]
                        }
                    ]
                }
            ]
        },
        "count": 4,
        "ratio(%)": 0.0003719892123128429
    },
    "41": {
        "logic_type": "unique",
        "template": {
            "func": "Only",
            "args": [
                {
                    "func": "FILTER",
                    "args": [
                        {
                            "func": "FILTER",
                            "args": [
                                "All_rows",
                                "COL",
                                "OBJ"
                            ]
                        },
                        "COL",
                        "OBJ"
                    ]
                }
            ]
        },
        "count": 20,
        "ratio(%)": 0.0018599460615642146
    },
    "42": {
        "logic_type": "unique",
        "template": {
            "func": "And",
            "args": [
                {
                    "func": "Only",
                    "args": [
                        {
                            "func": "FILTER",
                            "args": [
                                "All_rows",
                                "COL",
                                "OBJ"
                            ]
                        }
                    ]
                },
                {
                    "func": "COMPARE",
                    "args": [
                        {
                            "func": "Hop",
                            "args": [
                                {
                                    "func": "FILTER",
                                    "args": [
                                        "All_rows",
                                        "COL",
                                        "OBJ"
                                    ]
                                },
                                "COL"
                            ]
                        },
                        "OBJ"
                    ]
                }
            ]
        },
        "count": 1237,
        "ratio(%)": 0.11503766390774668
    },
    "43": {
        "logic_type": "unique",
        "template": {
            "func": "And",
            "args": [
                {
                    "func": "Only",
                    "args": [
                        {
                            "func": "FILTER",
                            "args": [
                                {
                                    "func": "FILTER",
                                    "args": [
                                        "All_rows",
                                        "COL",
                                        "OBJ"
                                    ]
                                },
                                "COL",
                                "OBJ"
                            ]
                        }
                    ]
                },
                {
                    "func": "And",
                    "args": [
                        {
                            "func": "COMPARE",
                            "args": [
                                {
                                    "func": "Hop",
                                    "args": [
                                        {
                                            "func": "FILTER",
                                            "args": [
                                                {
                                                    "func": "FILTER",
                                                    "args": [
                                                        "All_rows",
                                                        "COL",
                                                        "OBJ"
                                                    ]
                                                },
                                                "COL",
                                                "OBJ"
                                            ]
                                        },
                                        "COL"
                                    ]
                                },
                                "OBJ"
                            ]
                        },
                        {
                            "func": "COMPARE",
                            "args": [
                                {
                                    "func": "Hop",
                                    "args": [
                                        {
                                            "func": "FILTER",
                                            "args": [
                                                {
                                                    "func": "FILTER",
                                                    "args": [
                                                        "All_rows",
                                                        "COL",
                                                        "OBJ"
                                                    ]
                                                },
                                                "COL",
                                                "OBJ"
                                            ]
                                        },
                                        "COL"
                                    ]
                                },
                                "OBJ"
                            ]
                        }
                    ]
                }
            ]
        },
        "count": 4,
        "ratio(%)": 0.0003719892123128429
    },
    "44": {
        "logic_type": "unique",
        "template": {
            "func": "And",
            "args": [
                {
                    "func": "Only",
                    "args": [
                        {
                            "func": "FILTER",
                            "args": [
                                "All_rows",
                                "COL",
                                "OBJ"
                            ]
                        }
                    ]
                },
                {
                    "func": "And",
                    "args": [
                        {
                            "func": "COMPARE",
                            "args": [
                                {
                                    "func": "Hop",
                                    "args": [
                                        {
                                            "func": "FILTER",
                                            "args": [
                                                "All_rows",
                                                "COL",
                                                "OBJ"
                                            ]
                                        },
                                        "COL"
                                    ]
                                },
                                "OBJ"
                            ]
                        },
                        {
                            "func": "COMPARE",
                            "args": [
                                {
                                    "func": "Hop",
                                    "args": [
                                        {
                                            "func": "FILTER",
                                            "args": [
                                                "All_rows",
                                                "COL",
                                                "OBJ"
                                            ]
                                        },
                                        "COL"
                                    ]
                                },
                                "OBJ"
                            ]
                        }
                    ]
                }
            ]
        },
        "count": 59,
        "ratio(%)": 0.005486840881614433
    }
}