season#network#season premiere#season finale#tv season#ranking#viewers (in millions)
1st#upn#september 11 , 2000#may 14 , 2001#2000 - 2001#136#4.0
2nd#upn#september 10 , 2001#may 20 , 2002#2001 - 2002#129#4.2
3rd#upn#september 23 , 2002#may 19 , 2003#2002 - 2003#133#4.0
4th#upn#september 15 , 2003#may 24 , 2004#2003 - 2004#128#3.6
5th#upn#september 20 , 2004#may 23 , 2005#2004 - 2005#129#3.4
6th#upn#september 19 , 2005#may 8 , 2006#2005 - 2006#135#3.4
7th#cw#october 1 , 2006#may 7 , 2007#2006 - 2007#138#2.5
