abbr#name#picture coding types#chroma format#aspect ratios#scalable modes#intra dc precision
sp#simple profile#i , p#4:2:0#square pixels , 4:3 , or 16:9#none#8 , 9 , 10
mp#main profile#i , p , b#4:2:0#square pixels , 4:3 , or 16:9#none#8 , 9 , 10
snr#snr scalable profile#i , p , b#4:2:0#square pixels , 4:3 , or 16:9#snr (signal - to - noise ratio) scalable#8 , 9 , 10
spatial#spatially scalable profile#i , p , b#4:2:0#square pixels , 4:3 , or 16:9#snr - or spatial - scalable#8 , 9 , 10
hp#high profile#i , p , b#4:2:2 or 4:2:0#square pixels , 4:3 , or 16:9#snr - or spatial - scalable#8 , 9 , 10 , 11
422#4:2:2 profile#i , p , b#4:2:2 or 4:2:0#square pixels , 4:3 , or 16:9#none#8 , 9 , 10 , 11
