#representative 1#representative 2#representative 3#representative 4#representative 5
1921#klingenberg , h#støstad , a#lykke , h#bang , fv#løhre , a
1924#lykke , h#darre - jenssen , h#støstad , a#aarseth , a#bang , fv
1927#lykke , h#støstad , a#darre - jenssen , h#aarseth , a#løhre , nkp
1930#lykke , h#støstad , a#bergersen , h#ræder , fv#swensson , h
1933#lykke , h#støstad , a#swensson , h#aarseth , a#ræder , fv
1936#støstad , a#lykke , h#aarseth , a#øraker , a#torp , h
1945#støstad , a#lyng , h#vogt , nkp#johnsen , a#øraker , a
