trim#engine#displacement#power#torque#transmission#fuel mileage (latest epa mpg - us )
green line#2.4 l lat i4 ( bas hybrid )#cc (cuin)#164hp (124 kw)#n /a#4 - speed 4t45 - e#26 city , 34 hwy , 29 comb
xe (2008)#2.4 l le5 i4#cc (cuin)#-#n /a#4 - speed 4t45 - e#22 city , 30 hwy , 25 comb
xe (2009)#2.4 l le5 i4#cc (cuin)#-#n /a#6 - speed 6t40#22 city , 33 hwy , 26 comb
xe (2007 - 08)#3.5l lz4 v6#cc (cuin)#219hp (162 kw)#n /a#4 - speed 4t45 - e#18 city , 29 hwy , 22 comb
xr (2009)#2.4 l le5 i4#cc (cuin)#-#n /a#6 - speed 6t40#22 city , 33 hwy , 26 comb
