[{"logic_type": "comparative", "template": {"func": "And", "args": [{"func": "COMPARE", "args": [{"func": "Diff", "args": [{"func": "Hop", "args": [{"func": "FILTER", "args": ["All_rows", "COL", "OBJ"]}, "COL"]}, {"func": "Hop", "args": [{"func": "FILTER", "args": ["All_rows", "COL", "OBJ"]}, "COL"]}]}, "OBJ"]}, {"func": "And", "args": [{"func": "COMPARE", "args": [{"func": "Hop", "args": [{"func": "FILTER", "args": ["All_rows", "COL", "OBJ"]}, "COL"]}, "OBJ"]}, {"func": "COMPARE", "args": [{"func": "Hop", "args": [{"func": "FILTER", "args": ["All_rows", "COL", "OBJ"]}, "COL"]}, "OBJ"]}]}]}, "count": 16, "ratio(%)": 1.245}, {"logic_type": "comparative", "template": {"func": "And", "args": [{"func": "COMPARE", "args": [{"func": "Hop", "args": [{"func": "FILTER", "args": ["All_rows", "COL", "OBJ"]}, "COL"]}, {"func": "Hop", "args": [{"func": "FILTER", "args": ["All_rows", "COL", "OBJ"]}, "COL"]}]}, {"func": "And", "args": [{"func": "COMPARE", "args": [{"func": "Hop", "args": [{"func": "FILTER", "args": ["All_rows", "COL", "OBJ"]}, "COL"]}, "OBJ"]}, {"func": "COMPARE", "args": [{"func": "Hop", "args": [{"func": "FILTER", "args": ["All_rows", "COL", "OBJ"]}, "COL"]}, "OBJ"]}]}]}, "count": 101, "ratio(%)": 7.86}, {"logic_type": "comparative", "template": {"func": "COMPARE", "args": [{"func": "Hop", "args": [{"func": "FILTER", "args": ["All_rows", "COL", "OBJ"]}, "COL"]}, {"func": "Hop", "args": [{"func": "FILTER", "args": ["All_rows", "COL", "OBJ"]}, "COL"]}]}, "count": 1029, "ratio(%)": 80.078}, {"logic_type": "comparative", "template": {"func": "COMPARE", "args": [{"func": "Diff", "args": [{"func": "Hop", "args": [{"func": "FILTER", "args": ["All_rows", "COL", "OBJ"]}, "COL"]}, {"func": "Hop", "args": [{"func": "FILTER", "args": ["All_rows", "COL", "OBJ"]}, "COL"]}]}, "OBJ"]}, "count": 139, "ratio(%)": 10.817}]