[{"logic_type": "count", "template": {"func": "COMPARE", "args": [{"func": "Count", "args": [{"func": "Filter_all", "args": ["All_rows", "COL"]}]}, "OBJ"]}, "count": 153, "ratio(%)": 7.586}, {"logic_type": "count", "template": {"func": "COMPARE", "args": [{"func": "Count", "args": [{"func": "FILTER", "args": ["All_rows", "COL", "OBJ"]}]}, "OBJ"]}, "count": 1521, "ratio(%)": 75.409}, {"logic_type": "count", "template": {"func": "COMPARE", "args": [{"func": "Count", "args": [{"func": "FILTER", "args": [{"func": "FILTER", "args": ["All_rows", "COL", "OBJ"]}, "COL", "OBJ"]}]}, "OBJ"]}, "count": 342, "ratio(%)": 16.956}, {"logic_type": "count", "template": {"func": "COMPARE", "args": [{"func": "Count", "args": [{"func": "Filter_all", "args": [{"func": "FILTER", "args": ["All_rows", "COL", "OBJ"]}, "COL"]}]}, "OBJ"]}, "count": 1, "ratio(%)": 0.05}]