[{"logic_type": "ordinal", "template": {"func": "And", "args": [{"func": "COMPARE", "args": [{"func": "ORDINAL", "args": [{"func": "FILTER", "args": ["All_rows", "COL", "OBJ"]}, "COL", "NUM"]}, "OBJ"]}, {"func": "COMPARE", "args": [{"func": "Hop", "args": [{"func": "ORD_ARG", "args": [{"func": "FILTER", "args": ["All_rows", "COL", "OBJ"]}, "COL", "NUM"]}, "COL"]}, "OBJ"]}]}, "count": 9, "ratio(%)": 0.736}, {"logic_type": "ordinal", "template": {"func": "And", "args": [{"func": "COMPARE", "args": [{"func": "ORDINAL", "args": ["All_rows", "COL", "NUM"]}, "OBJ"]}, {"func": "And", "args": [{"func": "COMPARE", "args": [{"func": "Hop", "args": [{"func": "ORD_ARG", "args": ["All_rows", "COL", "NUM"]}, "COL"]}, "OBJ"]}, {"func": "And", "args": [{"func": "COMPARE", "args": [{"func": "Hop", "args": [{"func": "ORD_ARG", "args": ["All_rows", "COL", "NUM"]}, "COL"]}, "OBJ"]}, {"func": "And", "args": [{"func": "COMPARE", "args": [{"func": "Hop", "args": [{"func": "ORD_ARG", "args": ["All_rows", "COL", "NUM"]}, "COL"]}, "OBJ"]}, {"func": "COMPARE", "args": [{"func": "Hop", "args": [{"func": "ORD_ARG", "args": ["All_rows", "COL", "NUM"]}, "COL"]}, "OBJ"]}]}]}]}]}, "count": 1, "ratio(%)": 0.082}, {"logic_type": "ordinal", "template": {"func": "And", "args": [{"func": "COMPARE", "args": [{"func": "Hop", "args": [{"func": "ORD_ARG", "args": [{"func": "FILTER", "args": ["All_rows", "COL", "OBJ"]}, "COL", "NUM"]}, "COL"]}, "OBJ"]}, {"func": "COMPARE", "args": [{"func": "Hop", "args": [{"func": "ORD_ARG", "args": [{"func": "FILTER", "args": ["All_rows", "COL", "OBJ"]}, "COL", "NUM"]}, "COL"]}, "OBJ"]}]}, "count": 2, "ratio(%)": 0.164}, {"logic_type": "ordinal", "template": {"func": "COMPARE", "args": [{"func": "Hop", "args": [{"func": "ORD_ARG", "args": [{"func": "FILTER", "args": ["All_rows", "COL", "OBJ"]}, "COL", "NUM"]}, "COL"]}, "OBJ"]}, "count": 106, "ratio(%)": 8.674}, {"logic_type": "ordinal", "template": {"func": "And", "args": [{"func": "COMPARE", "args": [{"func": "ORDINAL", "args": ["All_rows", "COL", "NUM"]}, "OBJ"]}, {"func": "COMPARE", "args": [{"func": "Hop", "args": [{"func": "ORD_ARG", "args": ["All_rows", "COL", "NUM"]}, "COL"]}, "OBJ"]}]}, "count": 60, "ratio(%)": 4.91}, {"logic_type": "ordinal", "template": {"func": "And", "args": [{"func": "COMPARE", "args": [{"func": "Hop", "args": [{"func": "ORD_ARG", "args": ["All_rows", "COL", "NUM"]}, "COL"]}, "OBJ"]}, {"func": "And", "args": [{"func": "COMPARE", "args": [{"func": "Hop", "args": [{"func": "ORD_ARG", "args": ["All_rows", "COL", "NUM"]}, "COL"]}, "OBJ"]}, {"func": "COMPARE", "args": [{"func": "Hop", "args": [{"func": "ORD_ARG", "args": ["All_rows", "COL", "NUM"]}, "COL"]}, "OBJ"]}]}]}, "count": 1, "ratio(%)": 0.082}, {"logic_type": "ordinal", "template": {"func": "And", "args": [{"func": "COMPARE", "args": [{"func": "ORDINAL", "args": ["All_rows", "COL", "NUM"]}, "OBJ"]}, {"func": "And", "args": [{"func": "COMPARE", "args": [{"func": "Hop", "args": [{"func": "ORD_ARG", "args": ["All_rows", "COL", "NUM"]}, "COL"]}, "OBJ"]}, {"func": "COMPARE", "args": [{"func": "Hop", "args": [{"func": "ORD_ARG", "args": ["All_rows", "COL", "NUM"]}, "COL"]}, "OBJ"]}]}]}, "count": 10, "ratio(%)": 0.818}, {"logic_type": "ordinal", "template": {"func": "COMPARE", "args": [{"func": "ORDINAL", "args": [{"func": "FILTER", "args": ["All_rows", "COL", "OBJ"]}, "COL", "NUM"]}, "OBJ"]}, "count": 14, "ratio(%)": 1.146}, {"logic_type": "ordinal", "template": {"func": "COMPARE", "args": [{"func": "Hop", "args": [{"func": "ORD_ARG", "args": ["All_rows", "COL", "NUM"]}, "COL"]}, "OBJ"]}, "count": 975, "ratio(%)": 79.787}, {"logic_type": "ordinal", "template": {"func": "And", "args": [{"func": "COMPARE", "args": [{"func": "ORDINAL", "args": ["All_rows", "COL", "NUM"]}, "OBJ"]}, {"func": "And", "args": [{"func": "COMPARE", "args": [{"func": "Hop", "args": [{"func": "ORD_ARG", "args": ["All_rows", "COL", "NUM"]}, "COL"]}, "OBJ"]}, {"func": "And", "args": [{"func": "COMPARE", "args": [{"func": "Hop", "args": [{"func": "ORD_ARG", "args": ["All_rows", "COL", "NUM"]}, "COL"]}, "OBJ"]}, {"func": "COMPARE", "args": [{"func": "Hop", "args": [{"func": "ORD_ARG", "args": ["All_rows", "COL", "NUM"]}, "COL"]}, "OBJ"]}]}]}]}, "count": 5, "ratio(%)": 0.409}, {"logic_type": "ordinal", "template": {"func": "COMPARE", "args": [{"func": "ORDINAL", "args": ["All_rows", "COL", "NUM"]}, "OBJ"]}, "count": 30, "ratio(%)": 2.455}, {"logic_type": "ordinal", "template": {"func": "And", "args": [{"func": "COMPARE", "args": [{"func": "Hop", "args": [{"func": "ORD_ARG", "args": ["All_rows", "COL", "NUM"]}, "COL"]}, "OBJ"]}, {"func": "COMPARE", "args": [{"func": "Hop", "args": [{"func": "ORD_ARG", "args": ["All_rows", "COL", "NUM"]}, "COL"]}, "OBJ"]}]}, "count": 8, "ratio(%)": 0.655}, {"logic_type": "ordinal", "template": {"func": "And", "args": [{"func": "COMPARE", "args": [{"func": "Hop", "args": [{"func": "ORD_ARG", "args": ["All_rows", "COL", "NUM"]}, "COL"]}, "OBJ"]}, {"func": "And", "args": [{"func": "COMPARE", "args": [{"func": "Hop", "args": [{"func": "ORD_ARG", "args": ["All_rows", "COL", "NUM"]}, "COL"]}, "OBJ"]}, {"func": "And", "args": [{"func": "COMPARE", "args": [{"func": "Hop", "args": [{"func": "ORD_ARG", "args": ["All_rows", "COL", "NUM"]}, "COL"]}, "OBJ"]}, {"func": "COMPARE", "args": [{"func": "Hop", "args": [{"func": "ORD_ARG", "args": ["All_rows", "COL", "NUM"]}, "COL"]}, "OBJ"]}]}]}]}, "count": 1, "ratio(%)": 0.082}]