[{"logic_type": "superlative", "template": {"func": "And", "args": [{"func": "COMPARE", "args": [{"func": "Hop", "args": [{"func": "SUPER_ARG", "args": ["All_rows", "COL"]}, "COL"]}, "OBJ"]}, {"func": "And", "args": [{"func": "COMPARE", "args": [{"func": "Hop", "args": [{"func": "SUPER_ARG", "args": ["All_rows", "COL"]}, "COL"]}, "OBJ"]}, {"func": "COMPARE", "args": [{"func": "Hop", "args": [{"func": "SUPER_ARG", "args": ["All_rows", "COL"]}, "COL"]}, "OBJ"]}]}]}, "count": 2, "ratio(%)": 0.144}, {"logic_type": "superlative", "template": {"func": "COMPARE", "args": [{"func": "Hop", "args": [{"func": "SUPER_ARG", "args": [{"func": "FILTER", "args": ["All_rows", "COL", "OBJ"]}, "COL"]}, "COL"]}, "OBJ"]}, "count": 73, "ratio(%)": 5.267}, {"logic_type": "superlative", "template": {"func": "And", "args": [{"func": "COMPARE", "args": [{"func": "Hop", "args": [{"func": "SUPER_ARG", "args": ["All_rows", "COL"]}, "COL"]}, "OBJ"]}, {"func": "COMPARE", "args": [{"func": "Hop", "args": [{"func": "SUPER_ARG", "args": ["All_rows", "COL"]}, "COL"]}, "OBJ"]}]}, "count": 23, "ratio(%)": 1.659}, {"logic_type": "superlative", "template": {"func": "And", "args": [{"func": "COMPARE", "args": [{"func": "SUPERLATIVE", "args": ["All_rows", "COL"]}, "OBJ"]}, {"func": "And", "args": [{"func": "COMPARE", "args": [{"func": "Hop", "args": [{"func": "SUPER_ARG", "args": ["All_rows", "COL"]}, "COL"]}, "OBJ"]}, {"func": "COMPARE", "args": [{"func": "Hop", "args": [{"func": "SUPER_ARG", "args": ["All_rows", "COL"]}, "COL"]}, "OBJ"]}]}]}, "count": 4, "ratio(%)": 0.289}, {"logic_type": "superlative", "template": {"func": "And", "args": [{"func": "COMPARE", "args": [{"func": "SUPERLATIVE", "args": [{"func": "FILTER", "args": ["All_rows", "COL", "OBJ"]}, "COL"]}, "OBJ"]}, {"func": "And", "args": [{"func": "COMPARE", "args": [{"func": "Hop", "args": [{"func": "SUPER_ARG", "args": [{"func": "FILTER", "args": ["All_rows", "COL", "OBJ"]}, "COL"]}, "COL"]}, "OBJ"]}, {"func": "COMPARE", "args": [{"func": "Hop", "args": [{"func": "SUPER_ARG", "args": [{"func": "FILTER", "args": ["All_rows", "COL", "OBJ"]}, "COL"]}, "COL"]}, "OBJ"]}]}]}, "count": 2, "ratio(%)": 0.144}, {"logic_type": "superlative", "template": {"func": "And", "args": [{"func": "COMPARE", "args": [{"func": "SUPERLATIVE", "args": ["All_rows", "COL"]}, "OBJ"]}, {"func": "COMPARE", "args": [{"func": "Hop", "args": [{"func": "SUPER_ARG", "args": ["All_rows", "COL"]}, "COL"]}, "OBJ"]}]}, "count": 67, "ratio(%)": 4.834}, {"logic_type": "superlative", "template": {"func": "COMPARE", "args": [{"func": "SUPERLATIVE", "args": [{"func": "FILTER", "args": ["All_rows", "COL", "OBJ"]}, "COL"]}, "OBJ"]}, "count": 67, "ratio(%)": 4.834}, {"logic_type": "superlative", "template": {"func": "And", "args": [{"func": "COMPARE", "args": [{"func": "Hop", "args": [{"func": "SUPER_ARG", "args": [{"func": "FILTER", "args": ["All_rows", "COL", "OBJ"]}, "COL"]}, "COL"]}, "OBJ"]}, {"func": "COMPARE", "args": [{"func": "Hop", "args": [{"func": "SUPER_ARG", "args": [{"func": "FILTER", "args": ["All_rows", "COL", "OBJ"]}, "COL"]}, "COL"]}, "OBJ"]}]}, "count": 3, "ratio(%)": 0.216}, {"logic_type": "superlative", "template": {"func": "And", "args": [{"func": "COMPARE", "args": [{"func": "SUPERLATIVE", "args": ["All_rows", "COL"]}, "OBJ"]}, {"func": "And", "args": [{"func": "COMPARE", "args": [{"func": "Hop", "args": [{"func": "SUPER_ARG", "args": ["All_rows", "COL"]}, "COL"]}, "OBJ"]}, {"func": "And", "args": [{"func": "COMPARE", "args": [{"func": "Hop", "args": [{"func": "SUPER_ARG", "args": ["All_rows", "COL"]}, "COL"]}, "OBJ"]}, {"func": "COMPARE", "args": [{"func": "Hop", "args": [{"func": "SUPER_ARG", "args": ["All_rows", "COL"]}, "COL"]}, "OBJ"]}]}]}]}, "count": 1, "ratio(%)": 0.072}, {"logic_type": "superlative", "template": {"func": "COMPARE", "args": [{"func": "Hop", "args": [{"func": "SUPER_ARG", "args": ["All_rows", "COL"]}, "COL"]}, "OBJ"]}, "count": 1096, "ratio(%)": 79.076}, {"logic_type": "superlative", "template": {"func": "And", "args": [{"func": "COMPARE", "args": [{"func": "SUPERLATIVE", "args": [{"func": "FILTER", "args": ["All_rows", "COL", "OBJ"]}, "COL"]}, "OBJ"]}, {"func": "COMPARE", "args": [{"func": "Hop", "args": [{"func": "SUPER_ARG", "args": [{"func": "FILTER", "args": ["All_rows", "COL", "OBJ"]}, "COL"]}, "COL"]}, "OBJ"]}]}, "count": 9, "ratio(%)": 0.649}, {"logic_type": "superlative", "template": {"func": "And", "args": [{"func": "COMPARE", "args": [{"func": "Hop", "args": [{"func": "SUPER_ARG", "args": ["All_rows", "COL"]}, "COL"]}, "OBJ"]}, {"func": "And", "args": [{"func": "COMPARE", "args": [{"func": "Hop", "args": [{"func": "SUPER_ARG", "args": ["All_rows", "COL"]}, "COL"]}, "OBJ"]}, {"func": "And", "args": [{"func": "COMPARE", "args": [{"func": "Hop", "args": [{"func": "SUPER_ARG", "args": ["All_rows", "COL"]}, "COL"]}, "OBJ"]}, {"func": "COMPARE", "args": [{"func": "Hop", "args": [{"func": "SUPER_ARG", "args": ["All_rows", "COL"]}, "COL"]}, "OBJ"]}]}]}]}, "count": 1, "ratio(%)": 0.072}, {"logic_type": "superlative", "template": {"func": "COMPARE", "args": [{"func": "SUPERLATIVE", "args": ["All_rows", "COL"]}, "OBJ"]}, "count": 38, "ratio(%)": 2.742}]