[{"logic_type": "unique", "template": {"func": "Only", "args": [{"func": "FILTER", "args": [{"func": "FILTER", "args": ["All_rows", "COL", "OBJ"]}, "COL", "OBJ"]}]}, "count": 20, "ratio(%)": 1.257}, {"logic_type": "unique", "template": {"func": "And", "args": [{"func": "Only", "args": [{"func": "FILTER", "args": [{"func": "FILTER", "args": ["All_rows", "COL", "OBJ"]}, "COL", "OBJ"]}]}, {"func": "COMPARE", "args": [{"func": "Hop", "args": [{"func": "FILTER", "args": [{"func": "FILTER", "args": ["All_rows", "COL", "OBJ"]}, "COL", "OBJ"]}, "COL"]}, "OBJ"]}]}, "count": 144, "ratio(%)": 9.051}, {"logic_type": "unique", "template": {"func": "Only", "args": [{"func": "FILTER", "args": ["All_rows", "COL", "OBJ"]}]}, "count": 123, "ratio(%)": 7.731}, {"logic_type": "unique", "template": {"func": "And", "args": [{"func": "Only", "args": [{"func": "FILTER", "args": ["All_rows", "COL", "OBJ"]}]}, {"func": "And", "args": [{"func": "COMPARE", "args": [{"func": "Hop", "args": [{"func": "FILTER", "args": ["All_rows", "COL", "OBJ"]}, "COL"]}, "OBJ"]}, {"func": "COMPARE", "args": [{"func": "Hop", "args": [{"func": "FILTER", "args": ["All_rows", "COL", "OBJ"]}, "COL"]}, "OBJ"]}]}]}, "count": 59, "ratio(%)": 3.708}, {"logic_type": "unique", "template": {"func": "And", "args": [{"func": "Only", "args": [{"func": "FILTER", "args": ["All_rows", "COL", "OBJ"]}]}, {"func": "And", "args": [{"func": "COMPARE", "args": [{"func": "Hop", "args": [{"func": "FILTER", "args": ["All_rows", "COL", "OBJ"]}, "COL"]}, "OBJ"]}, {"func": "And", "args": [{"func": "COMPARE", "args": [{"func": "Hop", "args": [{"func": "FILTER", "args": ["All_rows", "COL", "OBJ"]}, "COL"]}, "OBJ"]}, {"func": "COMPARE", "args": [{"func": "Hop", "args": [{"func": "FILTER", "args": ["All_rows", "COL", "OBJ"]}, "COL"]}, "OBJ"]}]}]}]}, "count": 4, "ratio(%)": 0.251}, {"logic_type": "unique", "template": {"func": "And", "args": [{"func": "Only", "args": [{"func": "FILTER", "args": ["All_rows", "COL", "OBJ"]}]}, {"func": "COMPARE", "args": [{"func": "Hop", "args": [{"func": "FILTER", "args": ["All_rows", "COL", "OBJ"]}, "COL"]}, "OBJ"]}]}, "count": 1237, "ratio(%)": 77.75}, {"logic_type": "unique", "template": {"func": "And", "args": [{"func": "Only", "args": [{"func": "FILTER", "args": [{"func": "FILTER", "args": ["All_rows", "COL", "OBJ"]}, "COL", "OBJ"]}]}, {"func": "And", "args": [{"func": "COMPARE", "args": [{"func": "Hop", "args": [{"func": "FILTER", "args": [{"func": "FILTER", "args": ["All_rows", "COL", "OBJ"]}, "COL", "OBJ"]}, "COL"]}, "OBJ"]}, {"func": "COMPARE", "args": [{"func": "Hop", "args": [{"func": "FILTER", "args": [{"func": "FILTER", "args": ["All_rows", "COL", "OBJ"]}, "COL", "OBJ"]}, "COL"]}, "OBJ"]}]}]}, "count": 4, "ratio(%)": 0.251}]